sq_param,DEAD_MEAN,DEAD_STD,EQ_MIN,MSQE,STD
4,0.0,0.0,27.723879258668273,28.875199660447464,0.7048231558991878
7,0.09,0.28762349126466136,27.985503679333636,29.357102717464173,0.7988003854292665
10,3.05,1.395338559980945,28.56155544384034,32.20036525524786,1.7604179718804385
13,7.44,1.6776607090068762,33.070889454084416,37.939345024069176,2.657684919701007
16,10.42,1.5838834769915584,34.33530147791565,43.55963406638904,3.7078455147314062
19,12.43,1.5192701597088711,39.1037784558463,49.167743341784345,5.09569268416423
22,13.55,1.3734495390671022,41.972618133472494,53.36202226805053,6.1006358971346355

