sq_param,DEAD_MEAN,DEAD_STD,EQ_MIN,MSQE,STD
4,10.41,1.2956414892580694,19.556333181342843,26.30636901048455,3.9204489596045864
7,7.4,1.5699192541804385,15.274328578187744,19.79775389634763,2.7194042583208327
10,6.61,1.3625214297267572,13.859592817324975,18.587624464586135,2.110370280320962
13,8.86,1.385494842861553,17.465383511895986,22.670666197478596,2.960264892118545
16,10.75,1.4025589888385148,18.236914048009364,27.547758888793396,4.540433532776974
19,12.76,1.2070499977091658,23.79318484344015,35.39007376202069,6.221377475987867
22,13.45,1.3660752600649848,24.01431689851973,39.43938308403508,9.04190867285422
